{"cameraMode":{"drawMode":0,"name":"Shaded","section":"Shading Mode"},"sceneLighting":false,"audioPlay":false,"sceneViewState":{"m_AlwaysRefresh":false,"showFog":false,"showSkybox":false,"showFlares":false,"showImageEffects":false,"showParticleSystems":false,"showVisualEffectGraphs":true,"m_FxEnabled":true},"in2DMode":false,"pivot":{"x":0.0007830262184143066,"y":0.047105103731155398,"z":0.0349222794175148},"rotation":{"x":0.16158759593963624,"y":-0.007713989820331335,"z":0.0012668903218582273,"w":0.9868165254592896},"size":0.1153947114944458,"orthographic":false}