{"cameraMode":{"drawMode":0,"name":"Shaded","section":"Shading Mode"},"sceneLighting":false,"audioPlay":false,"sceneViewState":{"m_AlwaysRefresh":false,"showFog":true,"showSkybox":false,"showFlares":true,"showImageEffects":true,"showParticleSystems":true,"showVisualEffectGraphs":true,"m_FxEnabled":true},"in2DMode":false,"pivot":{"x":-0.8894321918487549,"y":-1.181572437286377,"z":-2.0745062828063967},"rotation":{"x":0.11405333131551743,"y":-0.8381336331367493,"z":0.19210046529769898,"w":0.49761950969696047},"size":1.8069825172424317,"orthographic":false}