{"cameraMode":{"drawMode":0,"name":"Shaded","section":"Shading Mode"},"sceneLighting":true,"audioPlay":false,"sceneViewState":{"m_AlwaysRefresh":false,"showFog":true,"showSkybox":true,"showFlares":true,"showImageEffects":true,"showParticleSystems":true,"showVisualEffectGraphs":true,"m_FxEnabled":true},"in2DMode":false,"pivot":{"x":-18.707481384277345,"y":-2.220439910888672,"z":-8.315393447875977},"rotation":{"x":-0.32996052503585818,"y":0.013899535872042179,"z":-0.0048544625751674179,"w":-0.9438619017601013},"size":10.307764053344727,"orthographic":false}